[
  {
    "name": "Riders for Hope #1",
    "description": "A transportation resource offering help to those in need.",
    "category": "transportation",
    "location": "Bangalore, Karnataka",
    "latitude": 12.995626,
    "longitude": 77.612393,
    "phone": "+91 9926320397",
    "website": "https://ridersforhope1.org",
    "operatingHours": "9:00 AM - 6:00 PM"
  },
  {
    "name": "VV Puram Food Street #2",
    "description": "A food resource offering help to those in need.",
    "category": "food",
    "location": "Bangalore, Karnataka",
    "latitude": 12.998541,
    "longitude": 77.624724,
    "phone": "+91 9605335833",
    "website": "https://vvpuramfoodstreet2.org",
    "operatingHours": "9:00 AM - 6:00 PM"
  },
  {
    "name": "Community Health Hub #3",
    "description": "A healthcare resource offering help to those in need.",
    "category": "healthcare",
    "location": "Bangalore, Karnataka",
    "latitude": 12.996159,
    "longitude": 77.550071,
    "phone": "+91 9786359878",
    "website": "https://communityhealthhub3.org",
    "operatingHours": "9:00 AM - 6:00 PM"
  },
  {
    "name": "Primary Health Centre #4",
    "description": "A healthcare resource offering help to those in need.",
    "category": "healthcare",
    "location": "Bangalore, Karnataka",
    "latitude": 12.925169,
    "longitude": 77.591065,
    "phone": "+91 9667768881",
    "website": "https://primaryhealthcentre4.org",
    "operatingHours": "9:00 AM - 6:00 PM"
  },
  {
    "name": "Navchetna Academy #5",
    "description": "A education resource offering help to those in need.",
    "category": "education",
    "location": "Bangalore, Karnataka",
    "latitude": 12.923547,
    "longitude": 77.556946,
    "phone": "+91 9800622709",
    "website": "https://navchetnaacademy5.org",
    "operatingHours": "9:00 AM - 6:00 PM"
  },
  {
    "name": "Parikrma School #6",
    "description": "A education resource offering help to those in need.",
    "category": "education",
    "location": "Bangalore, Karnataka",
    "latitude": 13.017862,
    "longitude": 77.601636,
    "phone": "+91 9847807085",
    "website": "https://parikrmaschool6.org",
    "operatingHours": "9:00 AM - 6:00 PM"
  },
  {
    "name": "Bridge School #7",
    "description": "A education resource offering help to those in need.",
    "category": "education",
    "location": "Bangalore, Karnataka",
    "latitude": 12.94419,
    "longitude": 77.639362,
    "phone": "+91 9763665395",
    "website": "https://bridgeschool7.org",
    "operatingHours": "9:00 AM - 6:00 PM"
  },
  {
    "name": "BMTC Helpdesk #8",
    "description": "A transportation resource offering help to those in need.",
    "category": "transportation",
    "location": "Bangalore, Karnataka",
    "latitude": 13.020669,
    "longitude": 77.552295,
    "phone": "+91 9130745524",
    "website": "https://bmtchelpdesk8.org",
    "operatingHours": "9:00 AM - 6:00 PM"
  },
  {
    "name": "Free Bus Pass Centre #9",
    "description": "A transportation resource offering help to those in need.",
    "category": "transportation",
    "location": "Bangalore, Karnataka",
    "latitude": 12.935812,
    "longitude": 77.572477,
    "phone": "+91 9287096488",
    "website": "https://freebuspasscentre9.org",
    "operatingHours": "9:00 AM - 6:00 PM"
  },
  {
    "name": "JobConnect Office #10",
    "description": "A employment resource offering help to those in need.",
    "category": "employment",
    "location": "Bangalore, Karnataka",
    "latitude": 12.983495,
    "longitude": 77.575699,
    "phone": "+91 9645834531",
    "website": "https://jobconnectoffice10.org",
    "operatingHours": "9:00 AM - 6:00 PM"
  },
  {
    "name": "Career Uplift NGO #11",
    "description": "A employment resource offering help to those in need.",
    "category": "employment",
    "location": "Bangalore, Karnataka",
    "latitude": 13.017114,
    "longitude": 77.579421,
    "phone": "+91 9176262544",
    "website": "https://careerupliftngo11.org",
    "operatingHours": "9:00 AM - 6:00 PM"
  },
  {
    "name": "Sai Aashraya #12",
    "description": "A food resource offering help to those in need.",
    "category": "food",
    "location": "Bangalore, Karnataka",
    "latitude": 12.978633,
    "longitude": 77.634568,
    "phone": "+91 9593376944",
    "website": "https://saiaashraya12.org",
    "operatingHours": "9:00 AM - 6:00 PM"
  },
  {
    "name": "Night Shelter Koramangala #13",
    "description": "A shelter resource offering help to those in need.",
    "category": "shelter",
    "location": "Bangalore, Karnataka",
    "latitude": 12.972111,
    "longitude": 77.572586,
    "phone": "+91 9302078225",
    "website": "https://nightshelterkoramangala13.org",
    "operatingHours": "24/7"
  },
  {
    "name": "St. John's Health Van #14",
    "description": "A healthcare resource offering help to those in need.",
    "category": "healthcare",
    "location": "Bangalore, Karnataka",
    "latitude": 12.977757,
    "longitude": 77.602562,
    "phone": "+91 9242035361",
    "website": "https://st.john'shealthvan14.org",
    "operatingHours": "9:00 AM - 6:00 PM"
  },
  {
    "name": "Riders for Hope #15",
    "description": "A transportation resource offering help to those in need.",
    "category": "transportation",
    "location": "Bangalore, Karnataka",
    "latitude": 12.954405,
    "longitude": 77.572331,
    "phone": "+91 9844359480",
    "website": "https://ridersforhope15.org",
    "operatingHours": "9:00 AM - 6:00 PM"
  },
  {
    "name": "Career Uplift NGO #16",
    "description": "A employment resource offering help to those in need.",
    "category": "employment",
    "location": "Bangalore, Karnataka",
    "latitude": 12.93397,
    "longitude": 77.627866,
    "phone": "+91 9706887347",
    "website": "https://careerupliftngo16.org",
    "operatingHours": "9:00 AM - 6:00 PM"
  },
  {
    "name": "Bridge School #17",
    "description": "A education resource offering help to those in need.",
    "category": "education",
    "location": "Bangalore, Karnataka",
    "latitude": 12.960662,
    "longitude": 77.623074,
    "phone": "+91 9588195113",
    "website": "https://bridgeschool17.org",
    "operatingHours": "9:00 AM - 6:00 PM"
  },
  {
    "name": "Hope Shelter Home #18",
    "description": "A shelter resource offering help to those in need.",
    "category": "shelter",
    "location": "Bangalore, Karnataka",
    "latitude": 12.951813,
    "longitude": 77.575047,
    "phone": "+91 9507633401",
    "website": "https://hopeshelterhome18.org",
    "operatingHours": "24/7"
  },
  {
    "name": "Riders for Hope #19",
    "description": "A transportation resource offering help to those in need.",
    "category": "transportation",
    "location": "Bangalore, Karnataka",
    "latitude": 12.938526,
    "longitude": 77.558061,
    "phone": "+91 9754477555",
    "website": "https://ridersforhope19.org",
    "operatingHours": "9:00 AM - 6:00 PM"
  },
  {
    "name": "Akshaya Patra Foundation #20",
    "description": "A food resource offering help to those in need.",
    "category": "food",
    "location": "Bangalore, Karnataka",
    "latitude": 12.987997,
    "longitude": 77.567535,
    "phone": "+91 9421873207",
    "website": "https://akshayapatrafoundation20.org",
    "operatingHours": "9:00 AM - 6:00 PM"
  },
  {
    "name": "Hope Shelter Home #21",
    "description": "A shelter resource offering help to those in need.",
    "category": "shelter",
    "location": "Bangalore, Karnataka",
    "latitude": 12.969591,
    "longitude": 77.61927,
    "phone": "+91 9503927218",
    "website": "https://hopeshelterhome21.org",
    "operatingHours": "24/7"
  },
  {
    "name": "VV Puram Food Street #22",
    "description": "A food resource offering help to those in need.",
    "category": "food",
    "location": "Bangalore, Karnataka",
    "latitude": 12.963119,
    "longitude": 77.604899,
    "phone": "+91 9559851050",
    "website": "https://vvpuramfoodstreet22.org",
    "operatingHours": "9:00 AM - 6:00 PM"
  },
  {
    "name": "Roti Kapda Ghar #23",
    "description": "A clothing resource offering help to those in need.",
    "category": "clothing",
    "location": "Bangalore, Karnataka",
    "latitude": 12.94729,
    "longitude": 77.606908,
    "phone": "+91 9189483449",
    "website": "https://rotikapdaghar23.org",
    "operatingHours": "9:00 AM - 6:00 PM"
  },
  {
    "name": "Night Shelter Koramangala #24",
    "description": "A shelter resource offering help to those in need.",
    "category": "shelter",
    "location": "Bangalore, Karnataka",
    "latitude": 12.961243,
    "longitude": 77.553389,
    "phone": "+91 9141041151",
    "website": "https://nightshelterkoramangala24.org",
    "operatingHours": "24/7"
  },
  {
    "name": "Sparsha Trust #25",
    "description": "A shelter resource offering help to those in need.",
    "category": "shelter",
    "location": "Bangalore, Karnataka",
    "latitude": 12.999838,
    "longitude": 77.565095,
    "phone": "+91 9386499451",
    "website": "https://sparshatrust25.org",
    "operatingHours": "24/7"
  },
  {
    "name": "Free Clinic Malleshwaram #26",
    "description": "A healthcare resource offering help to those in need.",
    "category": "healthcare",
    "location": "Bangalore, Karnataka",
    "latitude": 13.001279,
    "longitude": 77.577221,
    "phone": "+91 9832610325",
    "website": "https://freeclinicmalleshwaram26.org",
    "operatingHours": "9:00 AM - 6:00 PM"
  },
  {
    "name": "Youth Employment Centre #27",
    "description": "A employment resource offering help to those in need.",
    "category": "employment",
    "location": "Bangalore, Karnataka",
    "latitude": 12.964543,
    "longitude": 77.554765,
    "phone": "+91 9770732305",
    "website": "https://youthemploymentcentre27.org",
    "operatingHours": "9:00 AM - 6:00 PM"
  },
  {
    "name": "Free Bus Pass Centre #28",
    "description": "A transportation resource offering help to those in need.",
    "category": "transportation",
    "location": "Bangalore, Karnataka",
    "latitude": 12.962965,
    "longitude": 77.572077,
    "phone": "+91 9482969402",
    "website": "https://freebuspasscentre28.org",
    "operatingHours": "9:00 AM - 6:00 PM"
  },
  {
    "name": "Free Clinic Malleshwaram #29",
    "description": "A healthcare resource offering help to those in need.",
    "category": "healthcare",
    "location": "Bangalore, Karnataka",
    "latitude": 13.002085,
    "longitude": 77.60471,
    "phone": "+91 9416138159",
    "website": "https://freeclinicmalleshwaram29.org",
    "operatingHours": "9:00 AM - 6:00 PM"
  },
  {
    "name": "VV Puram Food Street #30",
    "description": "A food resource offering help to those in need.",
    "category": "food",
    "location": "Bangalore, Karnataka",
    "latitude": 13.00947,
    "longitude": 77.555014,
    "phone": "+91 9853680654",
    "website": "https://vvpuramfoodstreet30.org",
    "operatingHours": "9:00 AM - 6:00 PM"
  },
  {
    "name": "AiR Humanitarian Homes #31",
    "description": "A shelter resource offering help to those in need.",
    "category": "shelter",
    "location": "Bangalore, Karnataka",
    "latitude": 12.947693,
    "longitude": 77.549802,
    "phone": "+91 9167532824",
    "website": "https://airhumanitarianhomes31.org",
    "operatingHours": "24/7"
  },
  {
    "name": "Clothes Bank Bangalore #32",
    "description": "A clothing resource offering help to those in need.",
    "category": "clothing",
    "location": "Bangalore, Karnataka",
    "latitude": 12.970909,
    "longitude": 77.644507,
    "phone": "+91 9664399100",
    "website": "https://clothesbankbangalore32.org",
    "operatingHours": "9:00 AM - 6:00 PM"
  },
  {
    "name": "Indira Canteen #33",
    "description": "A food resource offering help to those in need.",
    "category": "food",
    "location": "Bangalore, Karnataka",
    "latitude": 12.955487,
    "longitude": 77.628204,
    "phone": "+91 9943879390",
    "website": "https://indiracanteen33.org",
    "operatingHours": "9:00 AM - 6:00 PM"
  },
  {
    "name": "Urban Health Centre #34",
    "description": "A healthcare resource offering help to those in need.",
    "category": "healthcare",
    "location": "Bangalore, Karnataka",
    "latitude": 12.962772,
    "longitude": 77.553439,
    "phone": "+91 9876828880",
    "website": "https://urbanhealthcentre34.org",
    "operatingHours": "9:00 AM - 6:00 PM"
  },
  {
    "name": "Youth Employment Centre #35",
    "description": "A employment resource offering help to those in need.",
    "category": "employment",
    "location": "Bangalore, Karnataka",
    "latitude": 12.925124,
    "longitude": 77.620131,
    "phone": "+91 9549107356",
    "website": "https://youthemploymentcentre35.org",
    "operatingHours": "9:00 AM - 6:00 PM"
  },
  {
    "name": "Shiksha Foundation #36",
    "description": "A education resource offering help to those in need.",
    "category": "education",
    "location": "Bangalore, Karnataka",
    "latitude": 12.946784,
    "longitude": 77.625563,
    "phone": "+91 9947709580",
    "website": "https://shikshafoundation36.org",
    "operatingHours": "9:00 AM - 6:00 PM"
  },
  {
    "name": "BMTC Helpdesk #37",
    "description": "A transportation resource offering help to those in need.",
    "category": "transportation",
    "location": "Bangalore, Karnataka",
    "latitude": 12.995092,
    "longitude": 77.595195,
    "phone": "+91 9433458259",
    "website": "https://bmtchelpdesk37.org",
    "operatingHours": "9:00 AM - 6:00 PM"
  },
  {
    "name": "Primary Health Centre #38",
    "description": "A healthcare resource offering help to those in need.",
    "category": "healthcare",
    "location": "Bangalore, Karnataka",
    "latitude": 12.973612,
    "longitude": 77.625144,
    "phone": "+91 9786633985",
    "website": "https://primaryhealthcentre38.org",
    "operatingHours": "9:00 AM - 6:00 PM"
  },
  {
    "name": "Career Uplift NGO #39",
    "description": "A employment resource offering help to those in need.",
    "category": "employment",
    "location": "Bangalore, Karnataka",
    "latitude": 12.98292,
    "longitude": 77.634219,
    "phone": "+91 9582818853",
    "website": "https://careerupliftngo39.org",
    "operatingHours": "9:00 AM - 6:00 PM"
  },
  {
    "name": "JobConnect Office #40",
    "description": "A employment resource offering help to those in need.",
    "category": "employment",
    "location": "Bangalore, Karnataka",
    "latitude": 12.99055,
    "longitude": 77.635738,
    "phone": "+91 9324192616",
    "website": "https://jobconnectoffice40.org",
    "operatingHours": "9:00 AM - 6:00 PM"
  },
  {
    "name": "BMTC Helpdesk #41",
    "description": "A transportation resource offering help to those in need.",
    "category": "transportation",
    "location": "Bangalore, Karnataka",
    "latitude": 12.933822,
    "longitude": 77.591617,
    "phone": "+91 9729974649",
    "website": "https://bmtchelpdesk41.org",
    "operatingHours": "9:00 AM - 6:00 PM"
  },
  {
    "name": "Roti Kapda Ghar #42",
    "description": "A clothing resource offering help to those in need.",
    "category": "clothing",
    "location": "Bangalore, Karnataka",
    "latitude": 12.96431,
    "longitude": 77.551088,
    "phone": "+91 9765711167",
    "website": "https://rotikapdaghar42.org",
    "operatingHours": "9:00 AM - 6:00 PM"
  },
  {
    "name": "Primary Health Centre #43",
    "description": "A healthcare resource offering help to those in need.",
    "category": "healthcare",
    "location": "Bangalore, Karnataka",
    "latitude": 12.999995,
    "longitude": 77.573755,
    "phone": "+91 9773090904",
    "website": "https://primaryhealthcentre43.org",
    "operatingHours": "9:00 AM - 6:00 PM"
  },
  {
    "name": "Dress For All #44",
    "description": "A clothing resource offering help to those in need.",
    "category": "clothing",
    "location": "Bangalore, Karnataka",
    "latitude": 13.01933,
    "longitude": 77.546803,
    "phone": "+91 9441646882",
    "website": "https://dressforall44.org",
    "operatingHours": "9:00 AM - 6:00 PM"
  },
  {
    "name": "Primary Health Centre #45",
    "description": "A healthcare resource offering help to those in need.",
    "category": "healthcare",
    "location": "Bangalore, Karnataka",
    "latitude": 12.938882,
    "longitude": 77.555927,
    "phone": "+91 9304937211",
    "website": "https://primaryhealthcentre45.org",
    "operatingHours": "9:00 AM - 6:00 PM"
  },
  {
    "name": "Parikrma School #46",
    "description": "A education resource offering help to those in need.",
    "category": "education",
    "location": "Bangalore, Karnataka",
    "latitude": 12.997275,
    "longitude": 77.603424,
    "phone": "+91 9554301028",
    "website": "https://parikrmaschool46.org",
    "operatingHours": "9:00 AM - 6:00 PM"
  },
  {
    "name": "Hope Shelter Home #47",
    "description": "A shelter resource offering help to those in need.",
    "category": "shelter",
    "location": "Bangalore, Karnataka",
    "latitude": 12.976865,
    "longitude": 77.631018,
    "phone": "+91 9902854522",
    "website": "https://hopeshelterhome47.org",
    "operatingHours": "24/7"
  },
  {
    "name": "Navchetna Academy #48",
    "description": "A education resource offering help to those in need.",
    "category": "education",
    "location": "Bangalore, Karnataka",
    "latitude": 13.00333,
    "longitude": 77.617789,
    "phone": "+91 9594234869",
    "website": "https://navchetnaacademy48.org",
    "operatingHours": "9:00 AM - 6:00 PM"
  },
  {
    "name": "St. John's Health Van #49",
    "description": "A healthcare resource offering help to those in need.",
    "category": "healthcare",
    "location": "Bangalore, Karnataka",
    "latitude": 12.996953,
    "longitude": 77.636439,
    "phone": "+91 9359588376",
    "website": "https://st.john'shealthvan49.org",
    "operatingHours": "9:00 AM - 6:00 PM"
  },
  {
    "name": "Akshaya Patra Foundation #50",
    "description": "A food resource offering help to those in need.",
    "category": "food",
    "location": "Bangalore, Karnataka",
    "latitude": 12.990145,
    "longitude": 77.633725,
    "phone": "+91 9186726668",
    "website": "https://akshayapatrafoundation50.org",
    "operatingHours": "9:00 AM - 6:00 PM"
  },
  {
    "name": "Youth Employment Centre #51",
    "description": "A employment resource offering help to those in need.",
    "category": "employment",
    "location": "Bangalore, Karnataka",
    "latitude": 12.998846,
    "longitude": 77.593924,
    "phone": "+91 9330131972",
    "website": "https://youthemploymentcentre51.org",
    "operatingHours": "9:00 AM - 6:00 PM"
  },
  {
    "name": "Community Learning Center #52",
    "description": "A education resource offering help to those in need.",
    "category": "education",
    "location": "Bangalore, Karnataka",
    "latitude": 12.964889,
    "longitude": 77.549424,
    "phone": "+91 9959703336",
    "website": "https://communitylearningcenter52.org",
    "operatingHours": "9:00 AM - 6:00 PM"
  },
  {
    "name": "VV Puram Food Street #53",
    "description": "A food resource offering help to those in need.",
    "category": "food",
    "location": "Bangalore, Karnataka",
    "latitude": 12.938952,
    "longitude": 77.606332,
    "phone": "+91 9432008997",
    "website": "https://vvpuramfoodstreet53.org",
    "operatingHours": "9:00 AM - 6:00 PM"
  },
  {
    "name": "Wardrobe Donation Point #54",
    "description": "A clothing resource offering help to those in need.",
    "category": "clothing",
    "location": "Bangalore, Karnataka",
    "latitude": 12.95032,
    "longitude": 77.546036,
    "phone": "+91 9543086731",
    "website": "https://wardrobedonationpoint54.org",
    "operatingHours": "9:00 AM - 6:00 PM"
  },
  {
    "name": "Labour Welfare Bureau #55",
    "description": "A employment resource offering help to those in need.",
    "category": "employment",
    "location": "Bangalore, Karnataka",
    "latitude": 12.944573,
    "longitude": 77.612195,
    "phone": "+91 9531530358",
    "website": "https://labourwelfarebureau55.org",
    "operatingHours": "9:00 AM - 6:00 PM"
  },
  {
    "name": "Urban Health Centre #56",
    "description": "A healthcare resource offering help to those in need.",
    "category": "healthcare",
    "location": "Bangalore, Karnataka",
    "latitude": 12.923942,
    "longitude": 77.588506,
    "phone": "+91 9548838245",
    "website": "https://urbanhealthcentre56.org",
    "operatingHours": "9:00 AM - 6:00 PM"
  },
  {
    "name": "Transportation Support NGO #57",
    "description": "A transportation resource offering help to those in need.",
    "category": "transportation",
    "location": "Bangalore, Karnataka",
    "latitude": 12.975473,
    "longitude": 77.555655,
    "phone": "+91 9989893883",
    "website": "https://transportationsupportngo57.org",
    "operatingHours": "9:00 AM - 6:00 PM"
  },
  {
    "name": "Transportation Support NGO #58",
    "description": "A transportation resource offering help to those in need.",
    "category": "transportation",
    "location": "Bangalore, Karnataka",
    "latitude": 13.005366,
    "longitude": 77.55196,
    "phone": "+91 9278360702",
    "website": "https://transportationsupportngo58.org",
    "operatingHours": "9:00 AM - 6:00 PM"
  },
  {
    "name": "Transit Aid Program #59",
    "description": "A transportation resource offering help to those in need.",
    "category": "transportation",
    "location": "Bangalore, Karnataka",
    "latitude": 13.011788,
    "longitude": 77.623024,
    "phone": "+91 9203828931",
    "website": "https://transitaidprogram59.org",
    "operatingHours": "9:00 AM - 6:00 PM"
  },
  {
    "name": "Primary Health Centre #60",
    "description": "A healthcare resource offering help to those in need.",
    "category": "healthcare",
    "location": "Bangalore, Karnataka",
    "latitude": 12.990754,
    "longitude": 77.57603,
    "phone": "+91 9504261942",
    "website": "https://primaryhealthcentre60.org",
    "operatingHours": "9:00 AM - 6:00 PM"
  },
  {
    "name": "Roti Kapda Ghar #61",
    "description": "A clothing resource offering help to those in need.",
    "category": "clothing",
    "location": "Bangalore, Karnataka",
    "latitude": 12.94454,
    "longitude": 77.621208,
    "phone": "+91 9211223542",
    "website": "https://rotikapdaghar61.org",
    "operatingHours": "9:00 AM - 6:00 PM"
  },
  {
    "name": "Indira Canteen #62",
    "description": "A food resource offering help to those in need.",
    "category": "food",
    "location": "Bangalore, Karnataka",
    "latitude": 12.967948,
    "longitude": 77.638337,
    "phone": "+91 9546378831",
    "website": "https://indiracanteen62.org",
    "operatingHours": "9:00 AM - 6:00 PM"
  },
  {
    "name": "Sai Aashraya #63",
    "description": "A food resource offering help to those in need.",
    "category": "food",
    "location": "Bangalore, Karnataka",
    "latitude": 12.985049,
    "longitude": 77.635788,
    "phone": "+91 9233559772",
    "website": "https://saiaashraya63.org",
    "operatingHours": "9:00 AM - 6:00 PM"
  },
  {
    "name": "Sparsha Trust #64",
    "description": "A shelter resource offering help to those in need.",
    "category": "shelter",
    "location": "Bangalore, Karnataka",
    "latitude": 12.952707,
    "longitude": 77.60873,
    "phone": "+91 9249737986",
    "website": "https://sparshatrust64.org",
    "operatingHours": "24/7"
  },
  {
    "name": "BMTC Helpdesk #65",
    "description": "A transportation resource offering help to those in need.",
    "category": "transportation",
    "location": "Bangalore, Karnataka",
    "latitude": 12.972245,
    "longitude": 77.581069,
    "phone": "+91 9896940950",
    "website": "https://bmtchelpdesk65.org",
    "operatingHours": "9:00 AM - 6:00 PM"
  },
  {
    "name": "Parikrma School #66",
    "description": "A education resource offering help to those in need.",
    "category": "education",
    "location": "Bangalore, Karnataka",
    "latitude": 12.952275,
    "longitude": 77.6045,
    "phone": "+91 9956869146",
    "website": "https://parikrmaschool66.org",
    "operatingHours": "9:00 AM - 6:00 PM"
  },
  {
    "name": "Community Health Hub #67",
    "description": "A healthcare resource offering help to those in need.",
    "category": "healthcare",
    "location": "Bangalore, Karnataka",
    "latitude": 12.981,
    "longitude": 77.6023,
    "phone": "+91 9290949698",
    "website": "https://communityhealthhub67.org",
    "operatingHours": "9:00 AM - 6:00 PM"
  },
  {
    "name": "Wardrobe Donation Point #68",
    "description": "A clothing resource offering help to those in need.",
    "category": "clothing",
    "location": "Bangalore, Karnataka",
    "latitude": 12.987633,
    "longitude": 77.559793,
    "phone": "+91 9854458718",
    "website": "https://wardrobedonationpoint68.org",
    "operatingHours": "9:00 AM - 6:00 PM"
  },
  {
    "name": "Indira Canteen #69",
    "description": "A food resource offering help to those in need.",
    "category": "food",
    "location": "Bangalore, Karnataka",
    "latitude": 12.942153,
    "longitude": 77.586008,
    "phone": "+91 9502038355",
    "website": "https://indiracanteen69.org",
    "operatingHours": "9:00 AM - 6:00 PM"
  },
  {
    "name": "AiR Humanitarian Homes #70",
    "description": "A shelter resource offering help to those in need.",
    "category": "shelter",
    "location": "Bangalore, Karnataka",
    "latitude": 12.975243,
    "longitude": 77.611301,
    "phone": "+91 9758119993",
    "website": "https://airhumanitarianhomes70.org",
    "operatingHours": "24/7"
  },
  {
    "name": "Transit Aid Program #71",
    "description": "A transportation resource offering help to those in need.",
    "category": "transportation",
    "location": "Bangalore, Karnataka",
    "latitude": 12.991955,
    "longitude": 77.552395,
    "phone": "+91 9400800362",
    "website": "https://transitaidprogram71.org",
    "operatingHours": "9:00 AM - 6:00 PM"
  },
  {
    "name": "Night Shelter Koramangala #72",
    "description": "A shelter resource offering help to those in need.",
    "category": "shelter",
    "location": "Bangalore, Karnataka",
    "latitude": 12.963893,
    "longitude": 77.571216,
    "phone": "+91 9509214896",
    "website": "https://nightshelterkoramangala72.org",
    "operatingHours": "24/7"
  },
  {
    "name": "AiR Humanitarian Homes #73",
    "description": "A shelter resource offering help to those in need.",
    "category": "shelter",
    "location": "Bangalore, Karnataka",
    "latitude": 12.94123,
    "longitude": 77.6036,
    "phone": "+91 9835247226",
    "website": "https://airhumanitarianhomes73.org",
    "operatingHours": "24/7"
  },
  {
    "name": "Sai Aashraya #74",
    "description": "A food resource offering help to those in need.",
    "category": "food",
    "location": "Bangalore, Karnataka",
    "latitude": 12.965154,
    "longitude": 77.56937,
    "phone": "+91 9920740294",
    "website": "https://saiaashraya74.org",
    "operatingHours": "9:00 AM - 6:00 PM"
  },
  {
    "name": "Shiksha Foundation #75",
    "description": "A education resource offering help to those in need.",
    "category": "education",
    "location": "Bangalore, Karnataka",
    "latitude": 12.968343,
    "longitude": 77.633277,
    "phone": "+91 9426654976",
    "website": "https://shikshafoundation75.org",
    "operatingHours": "9:00 AM - 6:00 PM"
  },
  {
    "name": "Sparsha Trust #76",
    "description": "A shelter resource offering help to those in need.",
    "category": "shelter",
    "location": "Bangalore, Karnataka",
    "latitude": 12.94006,
    "longitude": 77.610093,
    "phone": "+91 9101564582",
    "website": "https://sparshatrust76.org",
    "operatingHours": "24/7"
  },
  {
    "name": "Indira Canteen #77",
    "description": "A food resource offering help to those in need.",
    "category": "food",
    "location": "Bangalore, Karnataka",
    "latitude": 12.988329,
    "longitude": 77.547954,
    "phone": "+91 9608094960",
    "website": "https://indiracanteen77.org",
    "operatingHours": "9:00 AM - 6:00 PM"
  },
  {
    "name": "Community Health Hub #78",
    "description": "A healthcare resource offering help to those in need.",
    "category": "healthcare",
    "location": "Bangalore, Karnataka",
    "latitude": 12.997464,
    "longitude": 77.628774,
    "phone": "+91 9375708127",
    "website": "https://communityhealthhub78.org",
    "operatingHours": "9:00 AM - 6:00 PM"
  },
  {
    "name": "Free Bus Pass Centre #79",
    "description": "A transportation resource offering help to those in need.",
    "category": "transportation",
    "location": "Bangalore, Karnataka",
    "latitude": 12.927498,
    "longitude": 77.606649,
    "phone": "+91 9726234307",
    "website": "https://freebuspasscentre79.org",
    "operatingHours": "9:00 AM - 6:00 PM"
  },
  {
    "name": "Daily Bread Program #80",
    "description": "A food resource offering help to those in need.",
    "category": "food",
    "location": "Bangalore, Karnataka",
    "latitude": 12.95932,
    "longitude": 77.622301,
    "phone": "+91 9286192153",
    "website": "https://dailybreadprogram80.org",
    "operatingHours": "9:00 AM - 6:00 PM"
  },
  {
    "name": "Navchetna Academy #81",
    "description": "A education resource offering help to those in need.",
    "category": "education",
    "location": "Bangalore, Karnataka",
    "latitude": 13.000472,
    "longitude": 77.583502,
    "phone": "+91 9320380859",
    "website": "https://navchetnaacademy81.org",
    "operatingHours": "9:00 AM - 6:00 PM"
  },
  {
    "name": "Transportation Support NGO #82",
    "description": "A transportation resource offering help to those in need.",
    "category": "transportation",
    "location": "Bangalore, Karnataka",
    "latitude": 12.922451,
    "longitude": 77.628609,
    "phone": "+91 9301300206",
    "website": "https://transportationsupportngo82.org",
    "operatingHours": "9:00 AM - 6:00 PM"
  },
  {
    "name": "Youth Employment Centre #83",
    "description": "A employment resource offering help to those in need.",
    "category": "employment",
    "location": "Bangalore, Karnataka",
    "latitude": 12.960356,
    "longitude": 77.561021,
    "phone": "+91 9880489941",
    "website": "https://youthemploymentcentre83.org",
    "operatingHours": "9:00 AM - 6:00 PM"
  },
  {
    "name": "Bridge School #84",
    "description": "A education resource offering help to those in need.",
    "category": "education",
    "location": "Bangalore, Karnataka",
    "latitude": 13.016048,
    "longitude": 77.579638,
    "phone": "+91 9830576051",
    "website": "https://bridgeschool84.org",
    "operatingHours": "9:00 AM - 6:00 PM"
  },
  {
    "name": "Community Learning Center #85",
    "description": "A education resource offering help to those in need.",
    "category": "education",
    "location": "Bangalore, Karnataka",
    "latitude": 12.971315,
    "longitude": 77.566494,
    "phone": "+91 9354006007",
    "website": "https://communitylearningcenter85.org",
    "operatingHours": "9:00 AM - 6:00 PM"
  },
  {
    "name": "Career Uplift NGO #86",
    "description": "A employment resource offering help to those in need.",
    "category": "employment",
    "location": "Bangalore, Karnataka",
    "latitude": 12.923924,
    "longitude": 77.592985,
    "phone": "+91 9122506006",
    "website": "https://careerupliftngo86.org",
    "operatingHours": "9:00 AM - 6:00 PM"
  },
  {
    "name": "Riders for Hope #87",
    "description": "A transportation resource offering help to those in need.",
    "category": "transportation",
    "location": "Bangalore, Karnataka",
    "latitude": 12.943711,
    "longitude": 77.562987,
    "phone": "+91 9810126412",
    "website": "https://ridersforhope87.org",
    "operatingHours": "9:00 AM - 6:00 PM"
  },
  {
    "name": "Indira Canteen #88",
    "description": "A food resource offering help to those in need.",
    "category": "food",
    "location": "Bangalore, Karnataka",
    "latitude": 12.930088,
    "longitude": 77.553076,
    "phone": "+91 9638556582",
    "website": "https://indiracanteen88.org",
    "operatingHours": "9:00 AM - 6:00 PM"
  },
  {
    "name": "Labour Welfare Bureau #89",
    "description": "A employment resource offering help to those in need.",
    "category": "employment",
    "location": "Bangalore, Karnataka",
    "latitude": 13.004534,
    "longitude": 77.585701,
    "phone": "+91 9539696805",
    "website": "https://labourwelfarebureau89.org",
    "operatingHours": "9:00 AM - 6:00 PM"
  },
  {
    "name": "Youth Employment Centre #90",
    "description": "A employment resource offering help to those in need.",
    "category": "employment",
    "location": "Bangalore, Karnataka",
    "latitude": 12.985378,
    "longitude": 77.553831,
    "phone": "+91 9492061391",
    "website": "https://youthemploymentcentre90.org",
    "operatingHours": "9:00 AM - 6:00 PM"
  },
  {
    "name": "Skill Development Hub #91",
    "description": "A employment resource offering help to those in need.",
    "category": "employment",
    "location": "Bangalore, Karnataka",
    "latitude": 12.956452,
    "longitude": 77.61299,
    "phone": "+91 9880842652",
    "website": "https://skilldevelopmenthub91.org",
    "operatingHours": "9:00 AM - 6:00 PM"
  },
  {
    "name": "Youth Employment Centre #92",
    "description": "A employment resource offering help to those in need.",
    "category": "employment",
    "location": "Bangalore, Karnataka",
    "latitude": 12.967632,
    "longitude": 77.574439,
    "phone": "+91 9618661188",
    "website": "https://youthemploymentcentre92.org",
    "operatingHours": "9:00 AM - 6:00 PM"
  },
  {
    "name": "Parikrma School #93",
    "description": "A education resource offering help to those in need.",
    "category": "education",
    "location": "Bangalore, Karnataka",
    "latitude": 12.984714,
    "longitude": 77.61376,
    "phone": "+91 9637113216",
    "website": "https://parikrmaschool93.org",
    "operatingHours": "9:00 AM - 6:00 PM"
  },
  {
    "name": "Roti Kapda Ghar #94",
    "description": "A clothing resource offering help to those in need.",
    "category": "clothing",
    "location": "Bangalore, Karnataka",
    "latitude": 12.943562,
    "longitude": 77.619179,
    "phone": "+91 9236310638",
    "website": "https://rotikapdaghar94.org",
    "operatingHours": "9:00 AM - 6:00 PM"
  },
  {
    "name": "Clothes Bank Bangalore #95",
    "description": "A clothing resource offering help to those in need.",
    "category": "clothing",
    "location": "Bangalore, Karnataka",
    "latitude": 12.980508,
    "longitude": 77.592327,
    "phone": "+91 9784288673",
    "website": "https://clothesbankbangalore95.org",
    "operatingHours": "9:00 AM - 6:00 PM"
  },
  {
    "name": "Indira Canteen #96",
    "description": "A food resource offering help to those in need.",
    "category": "food",
    "location": "Bangalore, Karnataka",
    "latitude": 12.93407,
    "longitude": 77.555047,
    "phone": "+91 9547547998",
    "website": "https://indiracanteen96.org",
    "operatingHours": "9:00 AM - 6:00 PM"
  },
  {
    "name": "Community Learning Center #97",
    "description": "A education resource offering help to those in need.",
    "category": "education",
    "location": "Bangalore, Karnataka",
    "latitude": 12.954577,
    "longitude": 77.563643,
    "phone": "+91 9879217437",
    "website": "https://communitylearningcenter97.org",
    "operatingHours": "9:00 AM - 6:00 PM"
  },
  {
    "name": "Labour Welfare Bureau #98",
    "description": "A employment resource offering help to those in need.",
    "category": "employment",
    "location": "Bangalore, Karnataka",
    "latitude": 12.958667,
    "longitude": 77.552072,
    "phone": "+91 9682678870",
    "website": "https://labourwelfarebureau98.org",
    "operatingHours": "9:00 AM - 6:00 PM"
  },
  {
    "name": "Dress For All #99",
    "description": "A clothing resource offering help to those in need.",
    "category": "clothing",
    "location": "Bangalore, Karnataka",
    "latitude": 12.975965,
    "longitude": 77.632768,
    "phone": "+91 9524533464",
    "website": "https://dressforall99.org",
    "operatingHours": "9:00 AM - 6:00 PM"
  },
  {
    "name": "Akshaya Patra Foundation #100",
    "description": "A food resource offering help to those in need.",
    "category": "food",
    "location": "Bangalore, Karnataka",
    "latitude": 12.960999,
    "longitude": 77.643696,
    "phone": "+91 9561582512",
    "website": "https://akshayapatrafoundation100.org",
    "operatingHours": "9:00 AM - 6:00 PM"
  }
]