{
  "project_info": {
    "project_number": "734589165572",
    "project_id": "resourcefinder-19ae9",
    "storage_bucket": "resourcefinder-19ae9.firebasestorage.app"
  },
  "client": [
    {
      "client_info": {
        "mobilesdk_app_id": "1:734589165572:android:49827ec6cadc819f785551",
        "android_client_info": {
          "package_name": "com.example.communitycompass"
        }
      },
      "oauth_client": [],
      "api_key": [
        {
          "current_key": "AIzaSyALXobZcTIi0tfOSD2cC5eKroMjnxKmqOo"
        }
      ],
      "services": {
        "appinvite_service": {
          "other_platform_oauth_client": []
        }
      }
    }
  ],
  "configuration_version": "1"
}